agent	cycle	wave	iterations	duration	status	timestamp
agent-01	1	1	25	2.58	complete	1774994813.76184
agent-02	1	1	25	2.59	complete	1774994813.994289
agent-03	1	1	25	2.59	complete	1774994814.201779
agent-04	1	1	25	2.59	complete	1774994814.411254
agent-05	1	1	25	2.59	complete	1774994814.618182
agent-06	1	1	25	2.59	complete	1774994814.826227
agent-07	1	1	25	2.59	complete	1774994815.0346189
agent-08	1	1	25	2.59	complete	1774994815.2507362
agent-09	1	1	25	2.59	complete	1774994815.4601831
agent-10	1	1	25	2.60	complete	1774994815.6715689
agent-11	1	1	25	2.59	complete	1774994815.876204
agent-12	1	1	25	2.59	complete	1774994816.0740979
